Feature,Mean Absolute SHAP
num_pip__koi_fpflag_ss,0.14074558230406653
num_pip__koi_fpflag_co,0.07930446363790379
num_pip__koi_fpflag_nt,0.07072984079434022
num_pip__koi_model_snr,0.05372623108141919
num_pip__koi_prad,0.04935633505599279
num_pip__koi_duration_uncertainity_rel,0.03825725224673489
num_pip__koi_fpflag_ec,0.01996534371776216
num_pip__koi_steff_uncertainity_rel,0.017254925652880768
num_pip__koi_duration,0.015658166243051743
num_pip__koi_depth,0.014391205866702353
num_pip__koi_impact,0.014240812053985422
num_pip__koi_period,0.011624860752848612
num_pip__koi_duration_uncertainity,0.01109097092990347
num_pip__koi_depth_uncertainity,0.01003488178162163
num_pip__koi_impact_uncertainity,0.00910297296932313
num_pip__ra,0.008638727307113457
num_pip__koi_kepmag,0.00822726121306738
num_pip__koi_time0bk_uncertainity_rel,0.007594046860408101
num_pip__dec,0.00754985120202054
num_pip__koi_tce_plnt_num,0.0068012673824962575
num_pip__koi_period_uncertainity,0.006508974600412338
num_pip__koi_srad_uncertainity,0.0062826658267894925
num_pip__koi_insol_uncertainity_rel,0.005397910278009512
num_pip__koi_time0bk,0.005374135145769287
num_pip__koi_period_uncertainity_rel,0.0038729329060397
num_pip__koi_teq,0.0034464845881692777
num_pip__koi_insol,0.0029305282751147664
num_pip__koi_insol_uncertainity,0.0027948095586350567
num_pip__koi_slogg,0.0026967040341465635
num_pip__koi_steff_uncertainity,0.0026613447764369013
num_pip__koi_srad,0.0025092755378568156
num_pip__koi_srad_uncertainity_rel,0.0017977747424445356
num_pip__koi_slogg_uncertainity,0.0016095978176935133
num_pip__koi_time0bk_uncertainity,0.0012833959665909827
num_pip__koi_slogg_uncertainity_rel,0.0012358598643306175
num_pip__koi_prad_uncertainity_rel,0.0010421283057323544
num_pip__koi_steff,0.0009271794367417839
